"Id";"Name";"Price";CreatedOn;
"1";"   Name 1   ";"1.12";20/04/2022;
"2";"Name 2";"2.2";20/04/2022;
"3";"Name 3";"3.31";20/04/2022;
"4";"Name 4";"4.78";20/04/2022;
"5";"Name 5";"5.45";20/04/2022;
"6";"Name 6";"6.65";20/04/2022;
"7";"Name 7";"7.45";20/04/2022;
"8";"Name 8";"8.12";20/04/2022;
"9";"Name 9";"9.32";20/04/2022;
"10";"Name 10";"10.1";20/04/2022;
"11";"Name 11";"11.3";20/04/2022;
"12";"Name 12";"12.2";20/04/2022;
"13";"Name 13";"13.3";20/04/2022;
"14";"Name 14";"14.6";20/04/2022;
"15";"Name 15";"15.89";20/04/2022;
"16";"Name 16";"16.99";20/04/2022;
